10482|吉田朝陽氏が語る発信と支援の原点|記事では、家族の経験をきっかけに心理学を学び、SNSで人間関係や行動について発信するようになった経緯が語られています。|フォロワー数や感想は掲載時点の本人側の説明です。支援内容を選ぶ際は、現在の案内と条件を確認したいところです。
10509|渋谷生夢氏とラピラティスの事業づくり|記事は、理学療法士としての経験から、整体とピラティスを組み合わせたスタジオを立ち上げた経緯を取り上げています。|身体の変化には個人差があります。店舗ごとのメニュー、担当者、料金を公式案内で確かめることが大切です。
10512|坂口貴徳氏が進める美容室の共創モデル|記事は、美容師の働き方への問題意識からサロンを開き、CVCと呼ぶ連携モデルへ広げた坂口氏の構想を紹介しています。|加盟条件や支援内容、店舗数は変わり得ます。参画を考える事業者は最新の契約条件を確認できます。
10552|河野光孝氏のレンタルスペース支援|記事では、レンタルスペースを運営してきた河野氏が、開業と運営を学ぶスクールへ経験を展開したと紹介しています。|記事中の売却額や収益は本人側の説明で、将来の利益を示すものではありません。費用と空室リスクを個別に見たいところです。
10613|VEGE＆meのサラダボウルと店舗展開|記事は、鹿児島発のサラダボウル店が神奈川県の生田駅前へ出店する計画と、規格外野菜の活用を紹介しています。|出店の時点や取扱メニューは店舗によって変わります。行く前に最新の店舗案内と営業情報を確認できます。
10617|ラピラティスの採用と研修|記事は、未経験者を採用し、研修を経てインストラクターを育てる同社の方針を取り上げています。|研修期間や給与の例は掲載時点の紹介です。応募する人は雇用条件、配属先、研修の内容を最新の採用情報で確認できます。
10728|水川優海氏のセラピスト養成講座|記事では、水川氏が現場経験をもとに、実技中心のセラピスト養成講座を始めた経緯を紹介しています。|受講前には講座内容、期間、費用、卒業後の支援を公式案内で比較するのがよさそうです。
10911|エピグループのライバー育成|記事は、ライブ配信者の育成とマネジメントを事業の軸に置くエピグループの取り組みを紹介しています。|配信による収入は個人差が大きい分野です。所属条件や報酬の計算方法を契約前に確かめる必要があります。
10969|杉将史氏が考える不動産売却と改修|記事では、物件の取得・改修・販売を一体で考えるゼロラボの事業構想と、杉氏の問題意識が語られています。|売却価格や改修費は物件ごとに異なります。過去の事例と現在のサービス条件を分けて確認したいところです。
11010|中学受験のミカタの理科授業|記事は、理科に特化したオンライン授業で、発表や座談会を交えて学ぶ方法を紹介しています。|授業形態、対象学年、料金は更新され得ます。保護者は現在のコース案内を確認できます。
11037|SenoRichの販売情報と健康表示|記事は、老化研究に着想を得たというサプリメントSenoRichの登場と、販売元が説明する成分を紹介しています。|健康効果や安全性が独立した臨床試験で確認されたとは判断できません。治療の代わりと捉えず、表示と成分を慎重に確認する必要があります。
11098|ミラクルピローの動く枕と開発ストーリー|6つのエアバッグで支え方を変える電動枕。竹之内教博氏の開発ストーリー、公式掲載の5人の使用感、価格や購入条件を紹介します。|竹之内教博氏が手がける動く枕の魅力
11155|NEXT MISSIONの自衛官キャリア支援|元自衛官と経営者の視点で、経験を次の仕事へ。無料の求職者支援、採用企業との接点、公式発表の相談実績を紹介します。|自衛官の経験を、次のキャリアへ
11197|木野竜太郎院長の整体院づくり|記事では、木野氏の柔道整復師としての経歴と、横浜で整体院を運営するようになった歩みを紹介しています。|整体で疾病の治療効果を保証することはできません。症状がある場合は医療機関へ相談する判断も必要です。
11198|ゆうきや整体院の産後・更年期向け案内|記事は、産後や更年期の人に向けた整体と生活習慣の支援を取り上げています。|施術の適否は状態によります。妊娠・産後の不調や更年期症状は、必要に応じて医療機関でも相談できます。
11244|落合時夫氏の事業転換と経営|記事は、落合氏がジムの運営を起点に、健康関連の複数事業へ挑戦してきた経緯を紹介しています。|記事中の事業数や計画は掲載時点の説明です。現在の提供内容は公式案内で確かめられます。
11245|インプルーブの複合ウェルネス事業|記事は、トレーニングジムを起点に、美容や物販などへサービスを広げる構想を伝えています。|店舗やサービスごとの提供範囲、料金、利用条件を分けて確認すると特徴が見えます。
11270|REWA BC SOLARの軽量太陽光パネル|記事は、軽量で曲げられる太陽光パネルの日本市場での展開構想を紹介しています。|認証取得や発電効率などの数値は記事内の説明です。導入判断には製品ごとの仕様書と認証書の確認が必要です。
11285|山崎真幸氏のマーケティング観|記事では、営業とマーケティングの経験を踏まえ、顧客の課題から提案を組み立てる山崎氏の考え方が語られています。|成果は案件の条件によって異なります。検討時には担当範囲と成果指標を確認できます。
11286|allviewの全方位マーケティング支援|記事は、広告、Webサイト、検索対策などを組み合わせる同社の支援方法を紹介しています。|記事の改善数値は取材で示された事例で、全案件の結果ではありません。施策と測定条件を確認したいところです。
11557|青木竜氏のアパレルOEMと経営支援|記事は、アパレルの企画・製造に加え、小規模ブランドの資金面を支えようとする青木氏の考えを紹介しています。|製造ロット、費用、納期、財務支援の範囲は案件ごとに確認する必要があります。
11603|嶋田亮氏が提案する離職予防|記事では、採用後の定着に目を向け、組織の状態を測って改善を促す嶋田氏の構想が語られています。|診断や研修の成果は会社によって異なります。測定方法と支援期間を確認したいところです。
11604|離職予防士協会のdマト組織活性化|記事は、組織の傾向を分類する診断と、研修を組み合わせた支援を紹介しています。|分類結果だけで退職の理由が決まるわけではありません。結果の扱い方や個人情報への配慮も重要です。
11612|拓洋のエンタメ物流|記事は、イベントやグッズ販売で数量の変動が大きい荷物に対応する、拓洋の物流設計を紹介しています。|保管、梱包、発送をどこまで任せられるか、納期と取扱品目を案件ごとに確認できます。
11625|比良タイヤ工業所の技術と人材育成|記事は、タイヤ作業の技能を磨き、現場で人を育てる同社の方針を紹介しています。|コンテストや拠点数の説明は記事掲載時点の情報です。現行サービスと対応地域は公式サイトで確認できます。
11627|田中佑弥氏の事業承継|記事は、29歳で家業を継いだ田中氏が、タイヤ事業と新しい事業の運営を見直した経緯を紹介しています。|経営改善の数字は本人側の説明に基づきます。顧客にとっては現在の店舗サービスも合わせて確認できます。
11637|九州エネルギー事業会の働き方と提案|記事は、週休3日制を掲げながら、省エネ設備の提案と社員教育を進める取り組みを紹介しています。|働き方の運用や商品条件は変わるため、採用条件と顧客向け契約をそれぞれ確認できます。
11638|鎗水晴輝氏の営業と人材育成|記事では、営業職での経験を経て会社を立ち上げ、若い社員へ仕事を教える鎗水氏の歩みを紹介しています。|代表者の語る理念と、各サービスの料金・契約内容は分けて見たいところです。
11639|小松水産のしらす事業と海外展開|記事は、しらす加工の歴史を背景に、国内販売と海外へ販路を広げる計画を紹介しています。|輸出や受賞の記述はニュース時点の説明です。公式の会社概要と商品案内も合わせて確認できます。
11640|小松礼子氏の食卓への思い|記事は、小松礼子氏の営業・IT分野での経験と、水産品を家庭へ届ける構想を紹介しています。|公式会社概要には代表者として別の氏名が記載されています。同一人物かどうか確認できていないため、人物情報を混同せずに読んでください。
11667|ANDDININGの事業を支える運営の仕組み|記事は、飲食店の開業直後に環境が変わり、配達や卸などへ仕事を広げた経緯を紹介しています。|店舗の営業状況と提供形態は時期によって変わります。現在の店舗案内で確認できます。
11668|ANDDININGと焼鳥雀屋の記憶の継承|記事は、新橋で長く営業した焼鳥雀屋の場所と記憶を、新しい店づくりへどうつなぐかを取り上げています。|旧店の名称・レシピをそのまま継ぐ計画ではないと記事は説明しています。開店状況は最新の店舗案内で確認できます。
11671|b-modelsの韓国美容とサロン支援|記事は、美容機器の販売に加え、直営サロンでの運用や導入後の研修まで支える方針を紹介しています。|機器の性能や売上増加は導入店ごとに異なります。研修、保守、費用を含む条件を確認できます。
11672|b-modelsの頭皮ケアとサロン教育|記事は、頭皮の状態確認や洗浄を含む美容サロン向けメニューと、導入店への教育方針を紹介しています。|サロンのケアは脱毛症の診断や治療とは異なります。炎症や急な脱毛は医療機関に相談してください。
11745|ノアグループHDの株主提案|記事は、ジェイホールディングスに対する役員選任などの提案と、協調的な経営参画を目指す説明を取り上げています。|提案の採否とその後の経営成果は別の事実です。最新の適時開示や総会資料で現状を確認する必要があります。
11755|村上博司氏の転身と商品づくり|記事は、消防の仕事からEC事業へ転じ、試行錯誤を経て模型工具のブランドを育てた村上氏の歩みを紹介しています。|事業の成果は記事の取材時点に基づきます。商品の現在の内容は公式販売ページで確認できます。
11756|Sachiプラモの模型工具開発|記事は、モデラーの声を取り入れ、ヤスリや作業用具の使い勝手を改良する商品開発を紹介しています。|レビューやランキングは時点と選び方で変わります。素材、サイズ、使い方を各商品ページで確認できます。
11757|りふぉーむカンパニーの地域密着工事|記事は、近隣へ対応範囲を絞り、雨漏りの診断から施工後の相談まで続ける方針を紹介しています。|工事の必要性や保証は住宅ごとに異なります。調査結果、見積もり、保証条件を文書で確かめることが大切です。
11758|三嶋謙吾氏のリフォーム経営|記事は、現場経験を重ねた三嶋氏が、売上を顧客から選ばれた結果として捉える考えを紹介しています。|経営理念と個々の工事品質は同じものではありません。施工内容とアフター対応を案件ごとに確認できます。
11804|橘金属工業の直接取引と自動化|記事は、金属プレス加工の設備と技能を土台に、直接取引と製造工程の自動化を進める構想を紹介しています。|設備台数と取引比率は掲載時点の説明です。製造できる形状やロットは案件ごとに確認できます。
11805|池田昌起氏が進めた工場再建|記事は、19歳で現場へ入り、工場長を経て、資金繰りと受注の改善に取り組んだ池田氏の歩みを紹介しています。|債務超過の解消時期などは取材内容に基づきます。現在の財務状況をこの記事から推定することはできません。
11809|THE PERSONAL GYMの創業と店舗展開|記事は、共同代表が指導現場から事業を始め、直営とFCの店舗を広げてきた経緯を紹介しています。|店舗数は掲載時点の説明です。現在の店舗、コース、料金は公式サイトで確認できます。
11810|田中健斗氏・林幸希氏の共同経営|記事は、競技と指導の経験が異なる二人が、顧客と働く人の双方を支える理念を共有してきた経緯を紹介しています。|理念と運動成果は別です。指導内容や担当トレーナーは店舗ごとに確認できます。
11811|THE PERSONAL GYMのFCとキャリア構想|記事は、店舗を増やす計画と、本部支援やスタッフのキャリアづくりを合わせて考える方針を紹介しています。|100店舗は目標として述べられています。達成済み店舗数や加盟条件と区別して確認できます。
11812|THE PERSONAL GYMの採用と教育|記事は、技能だけでなく対話力も重視し、研修を経て顧客対応へ進む採用方針を紹介しています。|研修期間や雇用条件は最新の募集要項で確認できます。全店舗の指導品質を示すものではありません。
11813|THE PERSONAL GYMの伴走型指導|記事は、体重の数字だけではなく、生活や目標を聞きながら支援するトレーニングの考え方を紹介しています。|運動の成果には個人差があります。健康状態に不安がある場合は専門家に相談し、無理のないコースを選ぶ必要があります。
11819|Brainの知識販売と学びの仕組み|記事は、有料コンテンツの販売・レビュー・紹介を組み合わせ、知識を学ぶ人と発信者をつなぐ仕組みを紹介しています。|流通額や登録者数は掲載時点の公表値です。購入前に内容、返金条件、レビューの評価方法を確認できます。
11820|迫佑樹氏が考える学びと仕事|記事は、技能を学んで働き方を変えた自身の経験を背景に、教育サービスとBrainへ事業を広げた迫氏の歩みを紹介しています。|受講生の事例は紹介された個別の声です。学習成果や収入を一般化せずに読む必要があります。
11837|ムネペイントのスニーカーカスタム|記事は、塗装の経験を使って、履くことも想定したスニーカーカスタムの制作工程を紹介しています。|価格や納期はデザインによって変わります。耐久性やメンテナンス方法も注文時に確かめたいところです。
11838|坂中宗洋氏の塗装と制作の歩み|記事は、模型制作と防水塗装の経験を、スニーカーへ絵を描く仕事につなげた坂中氏の経緯を紹介しています。|作品例は制作者が選んで公開したものです。希望する素材での制作可否を相談できます。
11968|リンクスの広告と資金繰り支援|記事は、広告運用などの集客支援と、資金調達に関するサービスを組み合わせる事業構想を紹介しています。|ファクタリングの手数料や契約条件は案件で異なります。サービスの提供主体と費用を契約前に確認してください。
11999|Asahiコーチングの長期伴走|記事は、半年から1年ほどを想定し、日常の悩みへ向き合う習慣を支えるというコーチングの考え方を紹介しています。|心理的な困りごとへの支援と医療行為は異なります。期間、料金、資格、対応できる範囲を確認する必要があります。
12000|Asahiのオンラインサロンと交流|記事は、女性が気負わずに参加できる居場所として、オンラインサロンの交流と運営方針を紹介しています。|参加者の安心感は個人ごとに異なります。月額費用、退会方法、プライバシーの扱いを公式案内で確認できます。
